IP 地址,已发送,已接收,丢包率,平均延迟,下载速度 (MB/s)
2600:9000:2200:85:cc90:aafc:2160:b5e8,4,4,0.00,38.13,0.00
2600:9000:2200:5c02:42d6:afe9:ecf3:6470,4,4,0.00,38.38,0.00
2600:9000:2200:5c02:4257:9694:e202:e8dd,4,4,0.00,38.45,0.00
2600:9000:2200:5c02:4257:964e:69b6:515b,4,4,0.00,38.49,0.00
2600:9000:2200:5c02:4257:57b8:1ef1:a7f9,4,4,0.00,38.56,0.00
2600:9000:2200:5c02:4250:4002:c228:b4b4,4,4,0.00,38.66,0.00
2600:9000:2200:85:cc90:aafc:21de:b2b1,4,4,0.00,38.72,0.00
2600:9000:2200:5c02:42d6:4bf0:8195:35ce,4,4,0.00,38.84,0.00
2600:9000:2200:5c02:4257:10ec:f264:e76d,4,4,0.00,38.85,0.00
2600:9000:2200:5c02:4257:964e:958:a2ae,4,4,0.00,38.88,0.00
2600:9000:2200:5c02:4257:10ec:f29c:f497,4,4,0.00,38.91,0.00
2600:9000:2200:5c02:429d:6ebd:f91e:f7f1,4,4,0.00,38.94,0.00
2600:9000:2200:5cb9:1f4e:b24c:5498:7d73,4,4,0.00,39.02,0.00
2600:9000:2200:5c02:429d:6ebd:1f03:88ce,4,4,0.00,39.03,0.00
2600:9000:2200:5c02:4257:9694:f1cf:164,4,4,0.00,39.04,0.00
2600:9000:2200:5c02:4257:5730:22dd:4feb,4,4,0.00,39.09,0.00
2600:9000:2200:85:ccff:244c:6e48:19e3,4,4,0.00,39.15,0.00
2600:9000:2200:5cb9:1f4e:b24c:5441:3c02,4,4,0.00,39.25,0.00
2600:9000:2200:5c02:4257:96c4:61a6:59d6,4,4,0.00,39.29,0.00
2600:9000:2200:5c02:4257:9694:3c5d:5d2f,4,4,0.00,39.34,0.00
2600:9000:2200:5c02:429d:6ebd:f9d8:e44a,4,4,0.00,39.34,0.00
2600:9000:2200:5cb9:1f4e:6782:7d3:8320,4,4,0.00,39.36,0.00
2600:9000:2200:5c02:4257:5730:2215:2497,4,4,0.00,39.37,0.00
2600:9000:2200:5c02:4257:57b8:8050:216e,4,4,0.00,39.42,0.00
2600:9000:2200:5c02:2270:f5a5:3d29:ab01,4,4,0.00,39.45,0.00
2600:9000:2200:5c02:2270:2dfb:be3c:9327,4,4,0.00,39.50,0.00
2600:9000:2200:5c02:2270:2d32:9606:d052,4,4,0.00,39.50,0.00
2600:9000:2200:85:cc59:3ccd:d566:e7c2,4,4,0.00,39.51,0.00
2600:9000:2200:5c02:2270:2dfb:bed5:1141,4,4,0.00,39.52,0.00
2600:9000:2200:5c02:4257:10af:914d:8468,4,4,0.00,39.54,0.00
2600:9000:2200:5c02:4257:10ec:4aa:87d8,4,4,0.00,39.55,0.00
2600:9000:2200:5cb9:fdb1:2bb1:2378:ba64,4,4,0.00,39.56,0.00
2600:9000:2200:5c02:4257:10af:912b:6107,4,4,0.00,39.57,0.00
2600:9000:2200:85:ccff:244c:6e9a:a24a,4,4,0.00,39.65,0.00
2600:9000:2200:5c02:42d6:afe9:7a3a:18c5,4,4,0.00,39.65,0.00
2600:9000:2200:5c02:2270:2dfb:fabf:6f2f,4,4,0.00,39.66,0.00
2600:9000:2200:5c02:4257:10ec:fc4e:160e,4,4,0.00,39.73,0.00
2600:9000:2200:5c02:42d6:4b3f:eeba:75d0,4,4,0.00,39.73,0.00
2600:9000:2200:81:e8ab:f221:ddc:4600,4,4,0.00,39.76,0.00
2600:9000:2200:5c02:2270:c5c0:55e7:453f,4,4,0.00,39.78,0.00
2600:9000:2200:85:6460:a5f1:40ac:9206,4,4,0.00,39.79,0.00
2600:9000:2200:85:ccff:a49b:6a64:3fde,4,4,0.00,39.81,0.00
2600:9000:2200:5c02:2270:2d32:bd6f:9525,4,4,0.00,39.82,0.00
2600:9000:2200:5c02:2270:2dfb:be18:f697,4,4,0.00,39.83,0.00
2600:9000:2200:5c02:4257:9694:e2df:1378,4,4,0.00,39.84,0.00
2600:9000:2200:5c02:4257:57b8:80c1:b160,4,4,0.00,39.84,0.00
2600:9000:2200:5c02:2270:c5c0:555c:9c21,4,4,0.00,39.85,0.00
2600:9000:2200:5c02:2270:f5a5:d578:af3,4,4,0.00,39.86,0.00
2600:9000:2200:85:ccff:24b2:c98c:8d89,4,4,0.00,39.86,0.00
2600:9000:2200:85:cc90:aaa4:b8ee:73b8,4,4,0.00,39.86,0.00
2600:9000:2200:5c02:4250:4002:c2a4:4087,4,4,0.00,39.87,0.00
2600:9000:2200:5c02:2270:2d32:969d:8540,4,4,0.00,39.89,0.00
2600:9000:2200:81:e8ab:df68:bbc0:9af,4,4,0.00,39.92,0.00
2600:9000:2200:81:e8ab:f221:dabe:34ca,4,4,0.00,39.92,0.00
2600:9000:2200:5c02:42d6:afe9:7a84:d6cc,4,4,0.00,39.96,0.00
2600:9000:2200:5cb9:fdb1:2bb1:dfcc:8b7c,4,4,0.00,39.96,0.00
